timestamp,open,high,low,close,volume
2023-04-01 01:00:00,1823.15,1834.67,1821.76,1832.91,420.48279917
2023-04-01 02:00:00,1833.23,1841.75,1825.24,1829.95,697.16463599
2023-04-01 03:00:00,1829.71,1830.21,1825.23,1827.11,190.44173486
2023-04-01 04:00:00,1827.11,1829.57,1825.05,1827.34,184.15957446
2023-04-01 05:00:00,1827.5,1827.5,1821.04,1826.21,616.95276711
2023-04-01 06:00:00,1826.21,1826.21,1813.63,1823.52,274.18050689
2023-04-01 07:00:00,1823.61,1826.33,1819.42,1824.02,343.5849622
2023-04-01 08:00:00,1824.5,1828.8,1821.8,1826.16,191.9094591
2023-04-01 09:00:00,1826.16,1827.95,1824.98,1826.51,296.9001421
2023-04-01 10:00:00,1826.51,1827.88,1823.16,1827.26,62.89561979
2023-04-01 11:00:00,1827.67,1827.96,1823.74,1825.01,50.91334138
2023-04-01 12:00:00,1824.96,1827.75,1824.21,1827.7,24.20803302
2023-04-01 13:00:00,1827.66,1827.67,1825.45,1826.57,57.454973
2023-04-01 14:00:00,1826.51,1826.83,1814.34,1818.66,637.57218947
2023-04-01 15:00:00,1817.6,1822.1,1814.74,1820.86,300.26818506
2023-04-01 16:00:00,1820.95,1824.49,1810.0,1815.86,661.89237685
2023-04-01 17:00:00,1815.96,1819.38,1815.96,1816.49,462.83034059
2023-04-01 18:00:00,1816.5,1816.5,1813.52,1815.45,565.59135369
2023-04-01 19:00:00,1815.42,1815.9,1811.52,1813.0,1869.71413737
2023-04-01 20:00:00,1813.0,1824.51,1813.0,1817.06,1381.137804
2023-04-01 21:00:00,1816.84,1822.27,1816.49,1821.17,83.95383146
2023-04-01 22:00:00,1821.07,1826.21,1820.53,1823.58,236.89228481
2023-04-01 23:00:00,1823.88,1824.92,1820.25,1821.06,526.86122778
2023-04-02 00:00:00,1821.07,1822.76,1812.41,1813.95,681.87050035
2023-04-02 01:00:00,1814.57,1817.34,1812.61,1812.85,66.57729406
2023-04-02 02:00:00,1812.62,1815.07,1809.61,1814.47,93.17871023
2023-04-02 03:00:00,1814.48,1818.65,1813.84,1817.22,215.55027003
2023-04-02 04:00:00,1817.87,1818.75,1814.35,1814.35,157.84824902
2023-04-02 05:00:00,1814.41,1822.0,1814.41,1822.0,114.22148101
2023-04-02 06:00:00,1821.98,1824.0,1820.08,1823.32,243.92052913
2023-04-02 07:00:00,1823.33,1824.0,1821.01,1821.2,213.29529569
2023-04-02 08:00:00,1821.24,1821.3,1816.38,1818.12,214.04705583
2023-04-02 09:00:00,1818.49,1823.0,1818.34,1822.44,179.81638676
2023-04-02 10:00:00,1822.34,1822.34,1817.46,1817.75,374.41746858
2023-04-02 11:00:00,1817.8,1819.01,1815.0,1817.49,121.52566486
2023-04-02 12:00:00,1817.43,1817.54,1810.84,1813.53,1280.85063645
2023-04-02 13:00:00,1813.38,1818.9,1805.35,1813.0,621.3590955
2023-04-02 14:00:00,1813.0,1816.37,1811.76,1814.02,67.86578704
2023-04-02 15:00:00,1814.03,1814.03,1789.21,1798.17,1610.231115
2023-04-02 16:00:00,1798.17,1798.26,1785.15,1794.98,610.65047471
2023-04-02 17:00:00,1795.74,1804.33,1795.45,1801.61,232.51573759
2023-04-02 18:00:00,1801.81,1802.45,1798.9,1799.01,63.04229939
2023-04-02 19:00:00,1799.0,1799.0,1772.5,1780.7,1711.34533772
2023-04-02 20:00:00,1781.36,1789.6,1778.77,1788.95,269.56267571
2023-04-02 21:00:00,1788.86,1792.91,1783.72,1787.07,282.40339902
2023-04-02 22:00:00,1787.08,1793.99,1778.34,1793.75,218.28891248
2023-04-02 23:00:00,1793.97,1796.2,1790.94,1795.01,513.01764882
2023-04-03 00:00:00,1795.23,1795.23,1787.33,1791.41,920.00091081
2023-04-03 01:00:00,1791.43,1793.55,1763.0,1770.5,3333.08192247
2023-04-03 02:00:00,1770.24,1777.65,1769.84,1775.17,352.13356878
2023-04-03 03:00:00,1775.35,1779.17,1774.25,1778.54,175.30836245
2023-04-03 04:00:00,1778.71,1778.95,1772.93,1777.47,137.7247738
2023-04-03 05:00:00,1777.39,1783.29,1776.7,1778.73,1275.71119511
2023-04-03 06:00:00,1779.08,1786.49,1778.64,1786.49,160.26362758
2023-04-03 07:00:00,1786.29,1796.13,1786.27,1795.6,367.01386165
2023-04-03 08:00:00,1795.5,1818.77,1795.16,1811.58,3066.31669942
2023-04-03 09:00:00,1813.48,1814.27,1809.06,1809.76,349.26233827
2023-04-03 10:00:00,1810.16,1814.53,1805.0,1805.0,366.2182587
2023-04-03 11:00:00,1805.01,1809.03,1801.65,1808.18,1344.52627256
2023-04-03 12:00:00,1808.19,1808.19,1797.49,1803.76,1282.9238142
2023-04-03 13:00:00,1802.76,1823.37,1802.32,1807.52,1180.38907839
2023-04-03 14:00:00,1808.98,1811.17,1790.99,1793.5,2669.08890091
2023-04-03 15:00:00,1792.68,1799.49,1788.49,1797.23,973.12582591
2023-04-03 16:00:00,1797.43,1801.77,1794.19,1794.19,1039.98006868
2023-04-03 17:00:00,1793.9,1807.31,1791.48,1801.59,638.08114045
2023-04-03 18:00:00,1800.77,1839.69,1798.85,1831.54,4636.24001667
2023-04-03 19:00:00,1833.15,1836.9,1814.7,1818.45,2668.55501307
2023-04-03 20:00:00,1818.44,1819.5,1777.59,1780.58,4102.02897953
2023-04-03 21:00:00,1779.5,1798.53,1770.45,1795.34,2004.14600764
2023-04-03 22:00:00,1795.34,1815.0,1794.38,1805.96,1949.66904299
2023-04-03 23:00:00,1806.12,1817.67,1805.76,1809.72,824.43098775
2023-04-04 00:00:00,1810.75,1816.12,1803.07,1804.56,885.00172343
2023-04-04 01:00:00,1805.51,1815.13,1804.59,1806.67,373.13464449
2023-04-04 02:00:00,1806.66,1813.17,1806.66,1808.15,142.59903461
2023-04-04 03:00:00,1808.14,1815.0,1807.29,1808.99,2884.90931279
2023-04-04 04:00:00,1808.41,1809.91,1802.99,1804.18,408.12194144
2023-04-04 05:00:00,1803.97,1811.09,1803.97,1809.55,88.27861019
2023-04-04 06:00:00,1809.56,1820.0,1809.12,1817.88,1171.59449878
2023-04-04 07:00:00,1816.72,1823.99,1808.58,1812.01,1002.90704965
2023-04-04 08:00:00,1812.28,1825.0,1811.92,1823.32,374.11940477
2023-04-04 09:00:00,1824.03,1831.0,1820.59,1830.44,1251.93515682
2023-04-04 10:00:00,1830.25,1837.28,1828.29,1832.94,2209.20803652
2023-04-04 11:00:00,1832.46,1874.62,1830.87,1864.94,11109.59584915
2023-04-04 12:00:00,1865.17,1875.47,1861.12,1869.67,4015.20196228
2023-04-04 13:00:00,1870.07,1891.54,1855.46,1864.44,4114.52387165
2023-04-04 14:00:00,1864.69,1878.45,1860.74,1864.37,3687.59334936
2023-04-04 15:00:00,1864.44,1868.05,1852.46,1863.06,2435.81619096
2023-04-04 16:00:00,1863.41,1867.88,1858.04,1866.43,1475.64075447
2023-04-04 17:00:00,1866.43,1874.41,1865.36,1869.73,615.13214209
2023-04-04 18:00:00,1870.47,1872.0,1862.81,1864.27,1338.95496548
2023-04-04 19:00:00,1865.73,1870.71,1863.4,1868.47,458.84700632
2023-04-04 20:00:00,1868.47,1887.62,1867.71,1879.01,3995.75534308
2023-04-04 21:00:00,1879.0,1879.0,1866.9,1870.49,1005.4258454
2023-04-04 22:00:00,1870.49,1873.67,1865.53,1867.26,408.53963693
2023-04-04 23:00:00,1867.04,1873.02,1859.38,1871.99,624.76997353
2023-04-05 00:00:00,1872.0,1917.89,1865.04,1914.71,3355.51592292
2023-04-05 01:00:00,1914.02,1922.61,1905.76,1912.56,2932.822853
2023-04-05 02:00:00,1911.79,1924.99,1908.12,1910.99,2141.43327614
2023-04-05 03:00:00,1911.2,1913.18,1906.0,1913.18,299.93827325
2023-04-05 04:00:00,1912.76,1914.13,1908.55,1908.92,719.69578674
2023-04-05 05:00:00,1909.1,1919.1,1908.01,1912.73,1212.63812562
2023-04-05 06:00:00,1912.27,1914.84,1910.13,1913.28,1341.08571057
2023-04-05 07:00:00,1912.96,1913.16,1908.55,1910.16,845.79651913
2023-04-05 08:00:00,1910.35,1914.45,1906.0,1910.51,1135.69828697
2023-04-05 09:00:00,1910.51,1913.72,1907.24,1910.52,788.38568804
2023-04-05 10:00:00,1910.51,1914.1,1909.58,1914.1,302.66056738
2023-04-05 11:00:00,1914.31,1921.23,1910.95,1914.21,457.22121877
2023-04-05 12:00:00,1914.22,1942.0,1895.0,1922.64,2217.63851817
2023-04-05 13:00:00,1921.4,1925.21,1907.12,1913.48,1850.05796893
2023-04-05 14:00:00,1913.09,1916.37,1890.0,1898.8,1832.29133934
2023-04-05 15:00:00,1897.45,1904.99,1881.16,1896.7,2349.59678005
2023-04-05 16:00:00,1897.04,1900.77,1888.26,1893.29,1043.87431476
2023-04-05 17:00:00,1891.9,1902.42,1891.32,1899.08,666.03793008
2023-04-05 18:00:00,1899.01,1900.31,1892.02,1899.99,575.66012814
2023-04-05 19:00:00,1900.0,1918.79,1893.04,1910.13,999.57902845
2023-04-05 20:00:00,1909.47,1914.79,1905.0,1905.27,938.51950786
2023-04-05 21:00:00,1905.0,1911.9,1905.0,1911.87,127.25205081
2023-04-05 22:00:00,1911.87,1912.55,1906.91,1910.67,1033.64767336
2023-04-05 23:00:00,1910.67,1913.1,1907.25,1909.02,786.5235274
2023-04-06 00:00:00,1908.95,1909.05,1890.74,1898.3,854.97899955
2023-04-06 01:00:00,1896.25,1900.02,1886.86,1898.93,2520.65310891
2023-04-06 02:00:00,1898.93,1898.93,1888.49,1893.96,664.05771154
2023-04-06 03:00:00,1893.7,1900.1,1892.93,1898.87,385.96866662
2023-04-06 04:00:00,1899.14,1899.14,1891.49,1893.19,78.47521118
2023-04-06 05:00:00,1893.2,1894.09,1878.61,1887.41,792.1958039
2023-04-06 06:00:00,1887.29,1891.84,1884.01,1891.84,336.23719089
2023-04-06 07:00:00,1891.97,1893.27,1876.0,1878.83,666.62424075
2023-04-06 08:00:00,1879.39,1883.32,1870.0,1879.68,694.80759873
2023-04-06 09:00:00,1879.98,1885.35,1873.11,1875.79,823.28440879
2023-04-06 10:00:00,1875.46,1875.46,1854.11,1861.39,2145.20258197
2023-04-06 11:00:00,1861.56,1870.24,1860.89,1869.5,796.74921207
2023-04-06 12:00:00,1869.51,1875.36,1858.92,1862.71,853.49503383
2023-04-06 13:00:00,1863.28,1869.8,1854.65,1866.78,1464.13619724
2023-04-06 14:00:00,1867.03,1873.17,1863.87,1868.75,414.96918308
2023-04-06 15:00:00,1868.63,1879.76,1867.88,1875.88,1409.04758027
2023-04-06 16:00:00,1875.88,1883.72,1872.49,1876.25,1114.85520137
2023-04-06 17:00:00,1876.25,1880.97,1874.17,1875.26,549.98991522
2023-04-06 18:00:00,1875.22,1878.31,1868.0,1868.0,746.39625463
2023-04-06 19:00:00,1868.01,1875.4,1866.64,1871.84,474.82691026
2023-04-06 20:00:00,1871.49,1879.44,1863.26,1863.41,408.55461554
2023-04-06 21:00:00,1863.99,1874.11,1860.29,1865.97,428.12239274
2023-04-06 22:00:00,1865.82,1870.59,1862.73,1870.41,476.21010288
2023-04-06 23:00:00,1870.41,1873.13,1869.22,1873.13,280.50432049
2023-04-07 00:00:00,1873.1,1882.21,1870.78,1881.89,313.448142
2023-04-07 01:00:00,1882.0,1883.11,1876.01,1876.01,738.48248487
2023-04-07 02:00:00,1876.32,1877.42,1867.0,1875.17,596.5893918
2023-04-07 03:00:00,1874.82,1878.61,1874.44,1877.66,278.62724607
2023-04-07 04:00:00,1877.58,1879.51,1875.8,1876.18,290.34198037
2023-04-07 05:00:00,1876.18,1876.19,1865.72,1871.42,134.76099976
2023-04-07 06:00:00,1871.26,1871.41,1862.76,1865.93,246.9316743
2023-04-07 07:00:00,1866.15,1867.01,1840.91,1851.78,1536.27413899
2023-04-07 08:00:00,1851.65,1858.06,1848.71,1851.54,590.14104199
2023-04-07 09:00:00,1852.58,1856.64,1850.09,1855.84,753.95406873
2023-04-07 10:00:00,1855.84,1859.55,1855.44,1858.81,481.5452885
2023-04-07 11:00:00,1859.06,1859.06,1846.0,1848.76,124.77764227
2023-04-07 12:00:00,1848.76,1857.3,1844.9,1856.0,835.51916357
2023-04-07 13:00:00,1854.5,1856.67,1848.69,1855.01,215.75359165
2023-04-07 14:00:00,1855.0,1864.0,1855.0,1857.36,805.64718983
2023-04-07 15:00:00,1857.52,1862.25,1857.04,1861.82,122.86719801
2023-04-07 16:00:00,1861.43,1862.57,1853.24,1853.24,235.16622799
2023-04-07 17:00:00,1854.25,1860.87,1854.25,1859.6,228.01239254
2023-04-07 18:00:00,1860.35,1860.9,1854.44,1855.56,268.73191443
2023-04-07 19:00:00,1855.02,1857.79,1853.06,1855.66,152.4752792
2023-04-07 20:00:00,1855.87,1857.79,1852.98,1853.74,88.24740023
2023-04-07 21:00:00,1853.67,1859.55,1853.55,1858.53,113.39973097
2023-04-07 22:00:00,1858.05,1873.0,1855.69,1869.13,421.39738225
2023-04-07 23:00:00,1869.13,1870.74,1863.92,1864.43,1145.46967782
2023-04-08 00:00:00,1864.62,1864.91,1856.06,1857.31,380.3121423
2023-04-08 01:00:00,1857.31,1861.98,1857.3,1861.25,50.3058998
2023-04-08 02:00:00,1861.25,1866.0,1860.05,1866.0,418.38085796
2023-04-08 03:00:00,1866.0,1872.71,1865.94,1869.81,531.8238125
2023-04-08 04:00:00,1869.81,1870.33,1865.26,1867.71,85.79225064
2023-04-08 05:00:00,1867.46,1879.0,1867.4,1879.0,1065.91666647
2023-04-08 06:00:00,1879.0,1879.0,1875.0,1875.52,574.1779234
2023-04-08 07:00:00,1875.52,1875.85,1871.13,1872.25,383.95081566
2023-04-08 08:00:00,1872.25,1875.2,1868.64,1868.64,109.08985791
2023-04-08 09:00:00,1868.41,1873.89,1866.17,1870.51,198.11428975
2023-04-08 10:00:00,1870.77,1870.82,1867.93,1869.43,67.85089759
2023-04-08 11:00:00,1869.43,1869.88,1867.67,1868.54,172.18722692
2023-04-08 12:00:00,1868.28,1868.63,1863.18,1866.82,758.52367652
2023-04-08 13:00:00,1866.83,1868.4,1864.48,1868.24,18.15520296
2023-04-08 14:00:00,1868.24,1871.85,1868.2,1869.61,283.42526909
2023-04-08 15:00:00,1869.61,1869.8,1866.98,1867.68,72.10946379
2023-04-08 16:00:00,1867.8,1869.73,1865.08,1867.84,66.80321773
2023-04-08 17:00:00,1867.83,1870.37,1855.01,1859.74,274.75650641
2023-04-08 18:00:00,1859.65,1862.21,1849.99,1851.83,739.08283547
2023-04-08 19:00:00,1850.14,1857.25,1849.0,1854.86,862.52382129
2023-04-08 20:00:00,1854.87,1858.78,1854.87,1855.68,41.07817999
2023-04-08 21:00:00,1855.11,1856.65,1853.81,1855.65,105.10565604
2023-04-08 22:00:00,1855.65,1855.65,1848.0,1851.9,270.23625471
2023-04-08 23:00:00,1851.89,1856.84,1848.91,1849.63,445.96430028
2023-04-09 00:00:00,1849.76,1859.91,1847.67,1856.08,1433.56589357
2023-04-09 01:00:00,1856.08,1860.0,1855.26,1859.76,95.66574204
2023-04-09 02:00:00,1860.0,1860.0,1852.87,1855.17,342.03071199
2023-04-09 03:00:00,1855.14,1856.19,1852.85,1853.65,66.49053117
2023-04-09 04:00:00,1852.85,1854.84,1852.06,1853.49,14.35077064
2023-04-09 05:00:00,1853.57,1857.49,1850.47,1851.26,451.87835767
2023-04-09 06:00:00,1851.26,1851.26,1825.48,1833.73,3425.36004787
2023-04-09 07:00:00,1836.14,1839.28,1834.13,1836.47,106.34819533
2023-04-09 08:00:00,1836.59,1839.09,1834.0,1839.0,228.57270631
2023-04-09 09:00:00,1839.01,1841.4,1837.27,1837.27,629.95277562
2023-04-09 10:00:00,1837.23,1837.67,1830.9,1833.86,732.12661463
2023-04-09 11:00:00,1834.26,1840.3,1832.6,1840.29,651.61407853
2023-04-09 12:00:00,1840.28,1844.88,1838.84,1839.8,274.35903843
2023-04-09 13:00:00,1839.75,1839.84,1834.77,1837.57,157.67056205
2023-04-09 14:00:00,1837.57,1839.02,1829.0,1834.68,335.69566795
2023-04-09 15:00:00,1834.74,1841.06,1832.59,1838.41,198.58553424
2023-04-09 16:00:00,1838.41,1843.44,1836.99,1841.0,945.31841383
2023-04-09 17:00:00,1841.01,1842.95,1837.4,1841.59,346.19682219
2023-04-09 18:00:00,1841.59,1861.0,1840.04,1857.94,1028.00428632
2023-04-09 19:00:00,1857.43,1868.0,1853.32,1857.0,1638.71978522
2023-04-09 20:00:00,1858.03,1860.36,1853.84,1856.99,189.50328017
2023-04-09 21:00:00,1856.92,1872.96,1856.92,1867.95,762.96132064
2023-04-09 22:00:00,1870.45,1874.2,1865.05,1866.34,520.72849865
2023-04-09 23:00:00,1866.78,1866.79,1858.0,1859.61,400.09778291
2023-04-10 00:00:00,1859.69,1865.53,1858.83,1860.64,831.07249089
2023-04-10 01:00:00,1860.69,1861.27,1848.0,1852.32,279.69637167
2023-04-10 02:00:00,1852.41,1857.74,1852.41,1857.47,69.16536602
2023-04-10 03:00:00,1857.46,1861.08,1856.07,1859.15,148.67594018
2023-04-10 04:00:00,1859.02,1862.65,1856.68,1857.93,187.03916575
2023-04-10 05:00:00,1858.1,1865.25,1856.0,1860.81,76.04741612
2023-04-10 06:00:00,1861.74,1861.76,1858.84,1860.54,35.65673062
2023-04-10 07:00:00,1859.97,1861.08,1856.14,1860.07,250.44659966
2023-04-10 08:00:00,1860.94,1863.36,1858.14,1858.14,378.16287557
2023-04-10 09:00:00,1858.52,1861.19,1858.01,1858.26,69.43361167
2023-04-10 10:00:00,1858.37,1863.42,1856.66,1862.15,210.46476776
2023-04-10 11:00:00,1861.9,1862.83,1857.92,1858.98,281.72998598
2023-04-10 12:00:00,1858.84,1859.53,1853.0,1855.47,969.45727938
2023-04-10 13:00:00,1855.47,1856.16,1848.01,1849.95,834.94180742
2023-04-10 14:00:00,1849.33,1860.88,1848.54,1856.91,1898.44633506
2023-04-10 15:00:00,1856.79,1868.96,1856.79,1862.33,2548.2641583
2023-04-10 16:00:00,1862.33,1886.88,1858.51,1883.96,3407.31787786
2023-04-10 17:00:00,1884.52,1905.06,1884.52,1895.92,3837.91706391
2023-04-10 18:00:00,1896.54,1899.0,1894.31,1898.58,888.57116656
2023-04-10 19:00:00,1898.49,1899.0,1885.47,1890.48,1348.24025609
2023-04-10 20:00:00,1891.49,1892.68,1879.68,1885.87,1464.27166038
2023-04-10 21:00:00,1886.85,1892.96,1885.3,1889.99,783.64124006
2023-04-10 22:00:00,1890.0,1920.0,1890.0,1905.19,3126.14941041
2023-04-10 23:00:00,1905.39,1920.0,1905.39,1911.15,961.79435492
2023-04-11 00:00:00,1911.02,1924.58,1908.65,1920.0,2049.2703401
2023-04-11 01:00:00,1920.0,1931.48,1910.35,1927.72,2674.97502281
2023-04-11 02:00:00,1927.73,1938.33,1921.43,1925.38,1927.84265668
2023-04-11 03:00:00,1925.53,1925.53,1918.53,1924.18,639.56789933
2023-04-11 04:00:00,1924.56,1925.03,1917.16,1920.16,889.05936711
2023-04-11 05:00:00,1920.2,1923.62,1910.46,1914.44,737.73040204
2023-04-11 06:00:00,1914.78,1921.95,1914.78,1920.93,894.99885
2023-04-11 07:00:00,1921.54,1927.04,1921.4,1923.62,328.12171334
2023-04-11 08:00:00,1923.62,1923.62,1917.41,1919.97,406.65862529
2023-04-11 09:00:00,1919.97,1919.97,1914.0,1918.54,442.46735086
2023-04-11 10:00:00,1918.54,1922.38,1918.08,1921.17,665.68679964
2023-04-11 11:00:00,1921.14,1921.98,1917.36,1917.37,194.43343569
2023-04-11 12:00:00,1917.37,1920.0,1912.7,1916.35,300.79305846
2023-04-11 13:00:00,1916.17,1923.2,1914.11,1922.14,338.85037779
2023-04-11 14:00:00,1921.46,1924.01,1904.81,1911.0,1021.82536596
2023-04-11 15:00:00,1911.0,1919.81,1910.91,1915.04,618.14746789
2023-04-11 16:00:00,1914.92,1916.47,1900.0,1904.01,1802.03385172
2023-04-11 17:00:00,1903.11,1909.32,1893.3,1907.54,5279.86799926
2023-04-11 18:00:00,1907.37,1910.28,1906.27,1907.65,590.6748282
2023-04-11 19:00:00,1907.65,1917.04,1893.17,1895.48,2068.01478284
2023-04-11 20:00:00,1895.47,1896.65,1883.54,1894.61,1053.44029192
2023-04-11 21:00:00,1894.13,1897.96,1892.24,1894.51,466.3693816
2023-04-11 22:00:00,1894.32,1896.1,1891.44,1895.15,335.01286594
2023-04-11 23:00:00,1895.14,1895.14,1886.02,1891.99,357.61272538
2023-04-12 00:00:00,1891.44,1898.41,1888.48,1890.51,467.30843139
2023-04-12 01:00:00,1890.51,1895.13,1879.97,1887.97,601.84981292
2023-04-12 02:00:00,1888.05,1888.05,1855.0,1866.18,2835.12491859
2023-04-12 03:00:00,1866.36,1869.95,1860.06,1865.33,760.62539611
2023-04-12 04:00:00,1865.32,1869.66,1863.42,1869.54,455.79974811
2023-04-12 05:00:00,1869.22,1871.07,1864.94,1865.88,267.10200063
2023-04-12 06:00:00,1865.88,1870.96,1864.01,1870.74,361.67711392
2023-04-12 07:00:00,1870.49,1876.65,1870.23,1871.66,268.58431341
2023-04-12 08:00:00,1871.66,1875.72,1867.71,1867.9,710.09599358
2023-04-12 09:00:00,1867.47,1871.89,1864.94,1871.79,973.64731548
2023-04-12 10:00:00,1872.0,1874.61,1871.16,1874.26,315.93721198
2023-04-12 11:00:00,1874.16,1874.96,1870.15,1874.31,238.25787563
2023-04-12 12:00:00,1874.0,1897.85,1869.0,1884.18,3822.84711046
2023-04-12 13:00:00,1884.29,1905.0,1879.63,1887.37,2707.05744246
2023-04-12 14:00:00,1887.98,1934.56,1887.98,1917.28,3403.27096434
2023-04-12 15:00:00,1917.29,1924.45,1896.88,1913.51,3057.78821916
2023-04-12 16:00:00,1913.45,1918.56,1907.28,1909.19,1848.18076189
2023-04-12 17:00:00,1908.78,1918.3,1906.67,1915.25,1039.13804759
2023-04-12 18:00:00,1916.33,1920.0,1900.2,1904.53,1663.13001787
2023-04-12 19:00:00,1904.52,1906.54,1895.99,1901.08,996.42725431
2023-04-12 20:00:00,1901.08,1909.75,1901.08,1908.85,553.64324403
2023-04-12 21:00:00,1908.65,1927.9,1907.18,1918.14,1000.82627863
2023-04-12 22:00:00,1917.87,1927.19,1906.39,1913.15,1312.20617916
2023-04-12 23:00:00,1913.16,1930.0,1912.7,1917.94,1289.74780909
2023-04-13 00:00:00,1918.45,1921.29,1910.0,1910.11,985.38450032
2023-04-13 01:00:00,1910.08,1912.55,1902.5,1907.61,620.16278938
2023-04-13 02:00:00,1907.26,1913.21,1902.0,1909.06,732.72365601
2023-04-13 03:00:00,1909.06,1918.63,1907.91,1914.79,778.90167963
2023-04-13 04:00:00,1914.54,1919.08,1913.16,1915.14,148.75131395
2023-04-13 05:00:00,1915.56,1920.0,1915.14,1919.99,844.41245527
2023-04-13 06:00:00,1920.0,1921.24,1910.69,1910.92,692.96945984
2023-04-13 07:00:00,1913.92,1925.0,1913.13,1924.99,1168.87815927
2023-04-13 08:00:00,1925.0,1977.03,1921.58,1965.91,6799.76198063
2023-04-13 09:00:00,1966.1,1994.0,1966.1,1983.28,4838.62904494
2023-04-13 10:00:00,1983.77,1994.0,1977.47,1988.64,1943.85782077
2023-04-13 11:00:00,1988.65,1996.0,1985.56,1987.13,1610.5378501
2023-04-13 12:00:00,1987.44,2011.94,1987.3,2007.0,4213.70027966
2023-04-13 13:00:00,2007.01,2008.99,1991.21,1993.67,3479.21284809
2023-04-13 14:00:00,1993.86,2006.61,1992.24,2002.69,2234.99273498
2023-04-13 15:00:00,2003.0,2004.0,1991.64,1999.0,1152.22233381
2023-04-13 16:00:00,1999.8,2003.34,1993.33,2002.1,1748.91984625
2023-04-13 17:00:00,2003.33,2017.77,2000.98,2011.69,2515.53078514
2023-04-13 18:00:00,2011.6,2020.0,2011.01,2016.59,2632.63092079
2023-04-13 19:00:00,2015.7,2025.3,2012.54,2013.01,935.53982086
2023-04-13 20:00:00,2013.0,2013.01,2003.11,2008.64,1875.86057694
2023-04-13 21:00:00,2008.5,2012.97,2006.19,2009.53,839.82324076
2023-04-13 22:00:00,2008.69,2019.27,2006.71,2008.58,1187.57301175
2023-04-13 23:00:00,2008.58,2014.28,2006.87,2014.28,531.85688887
2023-04-14 00:00:00,2014.23,2123.0,2012.06,2100.83,6437.21969188
2023-04-14 01:00:00,2100.83,2130.0,2096.7,2120.0,6011.76222829
2023-04-14 02:00:00,2120.01,2122.48,2100.0,2103.71,4157.49091994
2023-04-14 03:00:00,2103.72,2113.9,2100.03,2110.17,903.29387777
2023-04-14 04:00:00,2110.99,2118.65,2110.99,2115.47,1652.97594368
2023-04-14 05:00:00,2115.47,2125.0,2114.2,2120.22,804.53877394
2023-04-14 06:00:00,2120.22,2124.5,2107.69,2121.11,1940.82540224
2023-04-14 07:00:00,2121.12,2121.12,2104.99,2108.19,2550.02007697
2023-04-14 08:00:00,2108.16,2114.51,2104.44,2108.73,2212.26322161
2023-04-14 09:00:00,2108.72,2116.05,2108.64,2113.44,437.96862455
2023-04-14 10:00:00,2113.44,2118.05,2113.43,2115.11,603.38829998
2023-04-14 11:00:00,2115.11,2118.88,2113.76,2115.8,545.0224657
2023-04-14 12:00:00,2115.81,2124.5,1967.21,2091.02,5701.89814128
2023-04-14 13:00:00,2091.02,2110.88,2091.02,2107.61,3344.71702808
2023-04-14 14:00:00,2107.58,2109.45,2088.42,2095.77,2993.84005288
2023-04-14 15:00:00,2095.7,2096.14,2051.39,2059.98,4209.13512744
2023-04-14 16:00:00,2059.43,2066.7,2043.39,2062.17,2043.40244279
2023-04-14 17:00:00,2062.59,2079.91,2061.88,2076.95,1518.28481272
2023-04-14 18:00:00,2076.0,2093.7,2076.0,2082.21,5517.39944969
2023-04-14 19:00:00,2081.36,2092.28,2073.18,2091.97,914.65453735
2023-04-14 20:00:00,2092.27,2123.07,2087.18,2107.28,2117.67646225
2023-04-14 21:00:00,2107.03,2108.98,2097.76,2105.76,534.15528746
2023-04-14 22:00:00,2105.14,2107.76,2099.8,2106.44,401.81437157
2023-04-14 23:00:00,2106.39,2113.06,2099.14,2101.92,471.96744137
2023-04-15 00:00:00,2101.92,2107.71,2085.1,2088.02,683.83217025
2023-04-15 01:00:00,2088.02,2088.81,2072.84,2084.74,332.08072805
2023-04-15 02:00:00,2083.22,2092.78,2083.22,2090.61,387.09637838
2023-04-15 03:00:00,2090.56,2095.32,2087.95,2090.26,774.99228006
2023-04-15 04:00:00,2090.43,2090.98,2083.55,2087.58,150.28696304
2023-04-15 05:00:00,2088.17,2092.0,2087.82,2091.4,116.34797871
2023-04-15 06:00:00,2091.33,2092.0,2085.45,2087.1,219.02734494
2023-04-15 07:00:00,2087.17,2105.9,2087.17,2100.01,387.9130086
2023-04-15 08:00:00,2100.01,2103.16,2094.3,2097.63,554.29986185
2023-04-15 09:00:00,2097.69,2113.55,2097.69,2108.72,1222.30022861
2023-04-15 10:00:00,2108.9,2110.03,2103.12,2107.85,88.01096777
2023-04-15 11:00:00,2108.15,2112.96,2101.12,2102.43,158.69789118
2023-04-15 12:00:00,2102.44,2109.71,2100.72,2106.42,439.06440244
2023-04-15 13:00:00,2106.72,2109.41,2095.12,2098.17,692.99435875
2023-04-15 14:00:00,2098.0,2102.97,2095.52,2097.25,162.61117896
2023-04-15 15:00:00,2097.62,2108.36,2096.68,2100.01,640.75787897
2023-04-15 16:00:00,2100.02,2109.99,2098.12,2108.79,384.38357054
2023-04-15 17:00:00,2107.85,2107.88,2089.78,2091.54,774.9892544
2023-04-15 18:00:00,2091.66,2099.12,2091.66,2099.01,1633.3089388
2023-04-15 19:00:00,2099.0,2102.49,2086.08,2102.12,2911.35896896
2023-04-15 20:00:00,2101.42,2104.29,2087.68,2088.6,467.85113814
2023-04-15 21:00:00,2088.63,2094.9,2082.64,2089.15,269.12972125
2023-04-15 22:00:00,2089.14,2099.3,2085.31,2096.66,226.01084109
2023-04-15 23:00:00,2096.51,2097.74,2091.83,2092.1,145.04125154
2023-04-16 00:00:00,2092.2,2096.49,2089.67,2091.76,149.90281325
2023-04-16 01:00:00,2089.93,2092.84,2075.37,2090.46,963.91306572
2023-04-16 02:00:00,2090.17,2093.22,2089.46,2090.66,131.15646511
2023-04-16 03:00:00,2090.32,2090.32,2086.66,2087.58,47.09211195
2023-04-16 04:00:00,2087.51,2099.98,2087.43,2099.22,605.82101925
2023-04-16 05:00:00,2099.09,2100.8,2097.71,2097.71,58.76402406
2023-04-16 06:00:00,2097.35,2103.73,2096.17,2096.26,154.87580704
2023-04-16 07:00:00,2096.26,2102.55,2096.01,2100.01,110.46971119
2023-04-16 08:00:00,2100.01,2101.03,2098.25,2098.25,916.38693538
2023-04-16 09:00:00,2098.55,2098.66,2087.87,2089.14,330.16726113
2023-04-16 10:00:00,2089.09,2090.64,2086.62,2089.62,238.14997098
2023-04-16 11:00:00,2089.62,2092.37,2082.0,2088.23,220.40300479
2023-04-16 12:00:00,2088.24,2096.39,2088.24,2093.69,389.71536043
2023-04-16 13:00:00,2092.91,2095.22,2078.54,2086.61,179.87789137
2023-04-16 14:00:00,2086.72,2091.22,2084.28,2091.1,103.82933562
2023-04-16 15:00:00,2091.01,2099.99,2088.94,2096.01,433.98816045
2023-04-16 16:00:00,2096.01,2102.1,2089.43,2098.45,789.30472835
2023-04-16 17:00:00,2098.52,2108.15,2097.99,2098.99,1302.12934536
2023-04-16 18:00:00,2098.79,2128.11,2098.79,2127.54,937.34923677
2023-04-16 19:00:00,2128.57,2141.07,2114.0,2115.36,2347.00433894
2023-04-16 20:00:00,2115.54,2132.32,2095.7,2122.22,2255.85661297
2023-04-16 21:00:00,2122.97,2131.99,2113.0,2127.52,695.91872701
2023-04-16 22:00:00,2127.73,2129.84,2121.75,2127.41,371.78086216
2023-04-16 23:00:00,2127.47,2129.83,2114.12,2119.97,409.84833889
2023-04-17 00:00:00,2119.87,2121.59,2077.81,2083.0,2771.24164118
2023-04-17 01:00:00,2083.0,2096.05,2075.0,2092.61,1076.23583095
2023-04-17 02:00:00,2092.5,2108.12,2089.94,2100.9,548.38902762
2023-04-17 03:00:00,2100.62,2105.61,2097.41,2097.94,570.16862817
2023-04-17 04:00:00,2097.77,2099.24,2092.05,2098.66,777.04629391
2023-04-17 05:00:00,2098.66,2102.54,2094.57,2102.54,218.31562902
2023-04-17 06:00:00,2102.53,2103.21,2092.74,2095.58,742.12484575
2023-04-17 07:00:00,2095.38,2099.95,2089.54,2091.3,560.16843424
2023-04-17 08:00:00,2090.91,2099.83,2087.1,2098.87,372.65146443
2023-04-17 09:00:00,2098.87,2098.87,2087.67,2090.69,326.46279499
2023-04-17 10:00:00,2090.69,2093.6,2085.66,2093.6,1006.63397449
2023-04-17 11:00:00,2093.36,2093.56,2065.45,2078.05,2170.93748782
2023-04-17 12:00:00,2077.79,2082.66,2073.6,2081.01,1791.4636629
2023-04-17 13:00:00,2080.76,2080.76,2057.24,2071.16,3000.86551717
2023-04-17 14:00:00,2071.4,2078.01,2067.22,2077.63,844.71077906
2023-04-17 15:00:00,2077.63,2079.8,2065.15,2071.86,1153.0655013
2023-04-17 16:00:00,2071.93,2090.27,2071.85,2081.37,1947.12849032
2023-04-17 17:00:00,2081.37,2085.68,2080.05,2081.64,1171.05197915
2023-04-17 18:00:00,2081.43,2088.14,2080.05,2085.34,1634.42769347
2023-04-17 19:00:00,2085.44,2088.28,2075.81,2079.07,415.46115917
2023-04-17 20:00:00,2079.89,2081.9,2075.3,2078.22,180.75962874
2023-04-17 21:00:00,2076.36,2080.3,2068.08,2076.77,617.43238953
2023-04-17 22:00:00,2076.67,2084.19,2076.67,2079.81,225.86232695
2023-04-17 23:00:00,2081.12,2081.33,2073.84,2076.45,140.45669932
2023-04-18 00:00:00,2075.43,2077.95,2070.0,2074.7,249.72341068
2023-04-18 01:00:00,2074.86,2075.44,2049.48,2074.37,1039.33102666
2023-04-18 02:00:00,2074.37,2084.79,2074.36,2080.88,792.15445141
2023-04-18 03:00:00,2082.33,2082.49,2079.29,2080.67,282.40300866
2023-04-18 04:00:00,2080.91,2084.25,2079.41,2082.52,235.85358183
2023-04-18 05:00:00,2084.25,2092.0,2084.23,2089.22,601.81136207
2023-04-18 06:00:00,2090.23,2108.73,2090.23,2105.4,1188.32068479
2023-04-18 07:00:00,2105.55,2110.0,2100.0,2101.01,911.57381827
2023-04-18 08:00:00,2101.01,2103.05,2095.92,2097.08,399.51835124
2023-04-18 09:00:00,2097.08,2110.31,2095.21,2105.92,891.09782545
2023-04-18 10:00:00,2106.43,2106.43,2103.6,2105.0,390.3645103
2023-04-18 11:00:00,2105.01,2124.35,2102.96,2119.33,1844.18740083
2023-04-18 12:00:00,2119.34,2120.58,2108.31,2109.3,1054.10812807
2023-04-18 13:00:00,2109.81,2114.65,2107.0,2112.45,507.05060726
2023-04-18 14:00:00,2112.1,2112.44,2093.21,2099.0,1227.43931156
2023-04-18 15:00:00,2098.9,2101.22,2089.4,2096.52,905.74286885
2023-04-18 16:00:00,2096.54,2101.27,2095.0,2096.2,324.28411619
2023-04-18 17:00:00,2095.97,2098.79,2076.48,2076.48,1049.32656542
2023-04-18 18:00:00,2076.48,2088.76,2071.41,2079.18,1352.96878975
2023-04-18 19:00:00,2080.78,2085.41,2077.57,2081.67,407.49660515
2023-04-18 20:00:00,2081.66,2096.32,2075.7,2093.08,556.93741214
2023-04-18 21:00:00,2093.67,2095.56,2085.0,2092.82,4286.856956
2023-04-18 22:00:00,2092.83,2094.02,2089.01,2092.1,411.13235335
2023-04-18 23:00:00,2092.9,2108.07,2091.04,2104.5,626.17385151
2023-04-19 00:00:00,2104.51,2104.73,2095.13,2097.72,223.81555704
2023-04-19 01:00:00,2097.73,2100.2,2095.02,2095.85,137.85220832
2023-04-19 02:00:00,2095.86,2097.03,2090.09,2092.47,145.84588363
2023-04-19 03:00:00,2092.47,2096.5,2089.35,2092.19,486.04887409
2023-04-19 04:00:00,2092.18,2092.18,2082.82,2086.73,686.15905715
2023-04-19 05:00:00,2085.86,2092.66,2085.7,2090.06,403.84400809
2023-04-19 06:00:00,2090.02,2091.69,2069.0,2072.02,1461.64393602
2023-04-19 07:00:00,2069.32,2074.53,2066.12,2074.2,794.12694364
2023-04-19 08:00:00,2074.23,2074.23,1966.0,1988.93,15547.64408192
2023-04-19 09:00:00,1988.22,1992.36,1972.46,1982.1,2895.74345049
2023-04-19 10:00:00,1981.81,1985.71,1964.03,1976.93,2117.60471053
2023-04-19 11:00:00,1976.93,1986.33,1972.69,1981.64,2916.25364684
2023-04-19 12:00:00,1981.45,1981.45,1971.27,1978.15,1026.70646712
2023-04-19 13:00:00,1978.18,1986.63,1974.0,1985.14,1950.21364337
2023-04-19 14:00:00,1985.02,2008.0,1984.87,1996.35,2348.15571674
2023-04-19 15:00:00,1996.12,1998.78,1976.9,1983.68,2186.10610512
2023-04-19 16:00:00,1984.08,1991.82,1981.11,1984.82,456.81121192
2023-04-19 17:00:00,1984.8,1986.6,1967.1,1981.62,917.25668105
2023-04-19 18:00:00,1981.81,1984.87,1975.0,1980.32,1227.08777199
2023-04-19 19:00:00,1979.32,1986.77,1978.57,1981.39,1009.91417615
2023-04-19 20:00:00,1980.68,1988.69,1973.61,1981.66,422.88107659
2023-04-19 21:00:00,1981.65,1981.66,1948.0,1975.16,2557.01523362
2023-04-19 22:00:00,1975.35,1976.95,1965.19,1966.34,668.73927397
2023-04-19 23:00:00,1966.32,1966.32,1923.95,1934.82,3023.75166329
2023-04-20 00:00:00,1933.93,1953.95,1928.59,1946.68,1893.04852643
2023-04-20 01:00:00,1945.9,1954.16,1939.35,1951.31,731.93756581
2023-04-20 02:00:00,1951.38,1952.91,1939.0,1939.0,302.46814119
2023-04-20 03:00:00,1939.24,1949.57,1926.79,1949.48,1904.10411703
2023-04-20 04:00:00,1949.57,1957.71,1949.44,1953.29,975.77195927
2023-04-20 05:00:00,1953.29,1960.12,1948.48,1954.0,626.77101369
2023-04-20 06:00:00,1955.22,1964.0,1954.03,1955.7,612.57476796
2023-04-20 07:00:00,1954.69,1956.01,1949.11,1949.2,862.03954825
2023-04-20 08:00:00,1949.36,1958.31,1947.72,1950.94,304.79551808
2023-04-20 09:00:00,1950.72,1961.47,1950.63,1956.0,535.93535974
2023-04-20 10:00:00,1956.46,1961.99,1952.04,1954.56,218.14274694
2023-04-20 11:00:00,1953.18,1954.26,1938.13,1940.22,948.25340213
2023-04-20 12:00:00,1940.45,1976.2,1936.95,1973.19,3240.41915921
2023-04-20 13:00:00,1973.19,1979.21,1963.99,1973.19,1527.35064406
2023-04-20 14:00:00,1973.52,1983.22,1966.24,1968.92,698.96287333
2023-04-20 15:00:00,1968.9,1968.92,1942.26,1946.77,2648.50526285
2023-04-20 16:00:00,1945.97,1954.39,1910.0,1939.12,3811.08814186
2023-04-20 17:00:00,1939.13,1948.77,1932.71,1936.26,2552.11124648
2023-04-20 18:00:00,1935.98,1943.71,1923.43,1933.95,2122.81032376
2023-04-20 19:00:00,1933.25,1933.33,1916.22,1927.21,1727.08205934
2023-04-20 20:00:00,1927.21,1942.61,1924.73,1938.1,996.6400757
2023-04-20 21:00:00,1938.15,1945.0,1937.42,1942.85,706.7125565
2023-04-20 22:00:00,1941.32,1953.59,1939.69,1942.67,276.74039291
2023-04-20 23:00:00,1943.43,1948.14,1938.88,1943.63,464.78164909
2023-04-21 00:00:00,1943.22,1956.74,1935.51,1946.91,703.29733517
2023-04-21 01:00:00,1948.37,1950.31,1940.3,1942.0,96.28266876
2023-04-21 02:00:00,1942.01,1945.27,1938.01,1945.27,247.67767938
2023-04-21 03:00:00,1945.05,1950.0,1944.63,1946.66,222.08835877
2023-04-21 04:00:00,1946.71,1947.37,1938.93,1939.04,183.74206375
2023-04-21 05:00:00,1939.25,1940.26,1925.75,1928.26,759.11626381
2023-04-21 06:00:00,1927.39,1935.32,1900.0,1908.63,3587.05831024
2023-04-21 07:00:00,1908.6,1928.68,1905.22,1928.68,1370.90810511
2023-04-21 08:00:00,1928.73,1934.23,1919.11,1920.89,309.25403579
2023-04-21 09:00:00,1920.84,1926.17,1915.35,1921.28,668.11796067
2023-04-21 10:00:00,1921.27,1926.45,1910.27,1912.86,856.40546155
2023-04-21 11:00:00,1912.92,1914.22,1903.37,1908.01,1608.69288026
2023-04-21 12:00:00,1908.2,1916.87,1891.9,1915.88,1653.83175344
2023-04-21 13:00:00,1915.89,1922.28,1906.35,1906.38,773.09745884
2023-04-21 14:00:00,1907.18,1917.39,1900.51,1906.14,1109.20695283
2023-04-21 15:00:00,1906.9,1910.94,1900.0,1903.67,919.50888369
2023-04-21 16:00:00,1903.5,1907.18,1894.34,1900.45,1330.87679536
2023-04-21 17:00:00,1899.22,1901.05,1869.71,1881.52,6257.93562314
2023-04-21 18:00:00,1881.53,1890.54,1877.77,1879.69,1032.1194483
2023-04-21 19:00:00,1878.67,1881.14,1834.96,1843.5,6123.5438023
2023-04-21 20:00:00,1842.82,1850.0,1827.72,1839.02,2729.24079863
2023-04-21 21:00:00,1836.82,1851.96,1833.55,1841.56,616.30976634
2023-04-21 22:00:00,1841.47,1847.84,1834.43,1845.68,320.40537646
2023-04-21 23:00:00,1845.67,1854.47,1845.54,1849.26,635.22046466
2023-04-22 00:00:00,1849.27,1853.38,1847.11,1847.11,495.03502276
2023-04-22 01:00:00,1847.72,1856.67,1846.3,1855.88,714.77492417
2023-04-22 02:00:00,1855.88,1858.08,1851.94,1855.0,222.05616008
2023-04-22 03:00:00,1855.16,1862.69,1852.87,1859.6,158.49840567
2023-04-22 04:00:00,1859.87,1863.54,1857.85,1861.68,307.88071657
2023-04-22 05:00:00,1861.62,1865.0,1859.08,1865.0,379.40552774
2023-04-22 06:00:00,1865.0,1865.31,1852.9,1856.69,465.37268721
2023-04-22 07:00:00,1857.24,1857.24,1849.68,1851.19,949.32937898
2023-04-22 08:00:00,1851.13,1856.0,1848.0,1848.19,1611.15199071
2023-04-22 09:00:00,1850.15,1855.51,1850.15,1851.79,532.31434431
2023-04-22 10:00:00,1850.9,1851.72,1843.72,1850.46,469.16178694
2023-04-22 11:00:00,1849.49,1854.56,1848.79,1853.25,135.07914162
2023-04-22 12:00:00,1853.25,1857.23,1852.09,1857.11,251.13149096
2023-04-22 13:00:00,1857.09,1859.94,1847.58,1850.67,228.66903069
2023-04-22 14:00:00,1850.67,1868.62,1849.74,1866.47,411.7611483
2023-04-22 15:00:00,1865.76,1871.66,1860.87,1866.24,754.06240225
2023-04-22 16:00:00,1866.52,1883.91,1866.52,1875.36,996.1488551
2023-04-22 17:00:00,1876.37,1887.36,1875.43,1881.76,497.80510348
2023-04-22 18:00:00,1882.43,1882.97,1871.88,1875.24,327.53225212
2023-04-22 19:00:00,1875.54,1877.1,1872.12,1872.75,162.20409722
2023-04-22 20:00:00,1872.75,1876.16,1868.86,1868.86,249.44443339
2023-04-22 21:00:00,1869.75,1872.31,1865.71,1871.4,186.34862414
2023-04-22 22:00:00,1871.02,1879.77,1871.02,1877.67,283.0571053
2023-04-22 23:00:00,1877.1,1878.7,1874.18,1874.22,117.66287707
2023-04-23 00:00:00,1874.37,1874.47,1849.46,1857.79,803.52960642
2023-04-23 01:00:00,1857.51,1863.07,1852.39,1856.18,60.54324115
2023-04-23 02:00:00,1856.47,1860.0,1852.65,1859.2,31.22074814
2023-04-23 03:00:00,1858.93,1870.37,1858.92,1862.9,163.13947296
2023-04-23 04:00:00,1862.16,1865.95,1861.65,1864.48,76.94605284
2023-04-23 05:00:00,1864.9,1867.31,1860.91,1867.01,117.44813646
2023-04-23 06:00:00,1867.0,1872.64,1865.53,1867.14,227.48639649
2023-04-23 07:00:00,1868.92,1875.93,1865.36,1875.93,186.85086951
2023-04-23 08:00:00,1874.71,1877.02,1870.88,1874.98,90.1262317
2023-04-23 09:00:00,1876.05,1876.12,1868.84,1871.78,194.62533628
2023-04-23 10:00:00,1871.14,1872.9,1863.6,1866.27,85.9359024
2023-04-23 11:00:00,1867.92,1875.71,1865.73,1874.97,72.4178004
2023-04-23 12:00:00,1875.53,1882.0,1873.32,1874.21,203.98204716
2023-04-23 13:00:00,1873.57,1877.04,1870.5,1873.87,119.76113924
2023-04-23 14:00:00,1874.47,1875.04,1860.74,1866.48,156.89643178
2023-04-23 15:00:00,1866.18,1867.24,1852.63,1859.72,1385.40932221
2023-04-23 16:00:00,1859.71,1872.81,1849.75,1866.31,419.82593666
2023-04-23 17:00:00,1865.79,1867.8,1856.54,1858.9,1178.75470769
2023-04-23 18:00:00,1859.61,1860.56,1835.72,1846.59,2322.08290609
2023-04-23 19:00:00,1847.5,1852.53,1845.59,1847.0,2956.10493962
2023-04-23 20:00:00,1847.0,1850.0,1839.41,1848.21,3095.34626286
2023-04-23 21:00:00,1848.01,1857.93,1847.44,1854.3,690.33242973
2023-04-23 22:00:00,1854.04,1867.34,1847.76,1861.47,600.26076342
2023-04-23 23:00:00,1862.29,1864.48,1859.22,1861.89,66.77590717
2023-04-24 00:00:00,1861.89,1879.0,1851.21,1876.66,885.52961781
2023-04-24 01:00:00,1878.25,1889.0,1869.87,1871.7,1226.17889199
2023-04-24 02:00:00,1871.83,1872.79,1865.13,1866.94,243.42769458
2023-04-24 03:00:00,1867.97,1869.05,1860.0,1867.66,535.59738268
2023-04-24 04:00:00,1867.99,1867.99,1861.55,1861.79,79.15064467
2023-04-24 05:00:00,1861.54,1865.12,1855.09,1855.93,798.5938909
2023-04-24 06:00:00,1856.59,1859.43,1842.27,1846.16,691.44853332
2023-04-24 07:00:00,1846.16,1847.28,1827.33,1844.34,1051.22705973
2023-04-24 08:00:00,1845.26,1851.95,1831.25,1835.38,487.51984757
2023-04-24 09:00:00,1835.09,1843.5,1835.09,1839.29,1125.37729933
2023-04-24 10:00:00,1839.76,1849.47,1839.23,1845.47,176.92216947
2023-04-24 11:00:00,1844.67,1855.0,1844.67,1854.97,255.01015275
2023-04-24 12:00:00,1854.98,1855.95,1845.24,1847.58,559.0686018
2023-04-24 13:00:00,1848.21,1871.05,1846.96,1864.64,1612.45305552
2023-04-24 14:00:00,1865.37,1874.9,1844.13,1854.42,4015.6624255
2023-04-24 15:00:00,1854.98,1854.98,1832.47,1834.1,842.66437078
2023-04-24 16:00:00,1832.46,1842.09,1811.05,1814.1,3792.32329777
2023-04-24 17:00:00,1813.87,1837.0,1807.98,1834.31,1278.97454605
2023-04-24 18:00:00,1834.48,1845.95,1827.31,1831.47,704.23999982
2023-04-24 19:00:00,1831.77,1834.33,1828.81,1830.45,217.70743566
2023-04-24 20:00:00,1831.02,1844.61,1828.56,1839.26,546.89992459
2023-04-24 21:00:00,1839.25,1839.26,1828.5,1832.69,284.43358316
2023-04-24 22:00:00,1832.26,1842.63,1832.21,1839.14,176.77293889
2023-04-24 23:00:00,1839.45,1845.27,1838.39,1841.5,131.15794693
2023-04-25 00:00:00,1842.0,1850.44,1838.61,1840.99,771.72897953
2023-04-25 01:00:00,1840.91,1844.53,1834.07,1835.07,196.37984559
2023-04-25 02:00:00,1835.47,1838.13,1831.52,1834.76,285.4691908
2023-04-25 03:00:00,1834.33,1835.48,1827.39,1830.15,271.35865866
2023-04-25 04:00:00,1830.03,1835.1,1828.55,1832.23,102.01419534
2023-04-25 05:00:00,1832.38,1832.38,1822.25,1831.37,331.66377993
2023-04-25 06:00:00,1830.93,1830.93,1822.62,1823.3,559.15324071
2023-04-25 07:00:00,1822.69,1827.12,1812.32,1815.71,612.53653814
2023-04-25 08:00:00,1815.71,1824.74,1805.89,1824.74,1620.36175667
2023-04-25 09:00:00,1824.81,1824.87,1812.44,1814.38,136.44910265
2023-04-25 10:00:00,1815.06,1818.11,1813.32,1815.54,367.3045911
2023-04-25 11:00:00,1815.78,1829.1,1814.88,1826.59,349.08230237
2023-04-25 12:00:00,1826.04,1830.64,1821.94,1824.2,139.98857663
2023-04-25 13:00:00,1824.89,1833.62,1819.13,1822.15,1882.50166968
2023-04-25 14:00:00,1821.64,1826.65,1803.69,1812.31,6650.90858233
2023-04-25 15:00:00,1811.66,1822.0,1808.69,1814.64,872.03153829
2023-04-25 16:00:00,1814.46,1823.7,1812.01,1823.7,1047.96083055
2023-04-25 17:00:00,1823.7,1841.76,1816.15,1839.19,1205.74871805
2023-04-25 18:00:00,1839.74,1846.71,1833.18,1833.4,989.45962263
2023-04-25 19:00:00,1833.64,1841.32,1829.93,1837.4,360.7972388
2023-04-25 20:00:00,1837.98,1864.29,1836.87,1860.78,3699.26525543
2023-04-25 21:00:00,1860.24,1871.0,1860.24,1871.0,1466.66372677
2023-04-25 22:00:00,1871.0,1878.31,1866.75,1867.94,732.34597027
2023-04-25 23:00:00,1868.44,1869.58,1863.62,1865.9,266.23176865
2023-04-26 00:00:00,1866.34,1883.22,1862.56,1867.35,1577.42254111
2023-04-26 01:00:00,1867.62,1871.95,1863.0,1869.17,1305.31221543
2023-04-26 02:00:00,1869.22,1871.0,1867.41,1868.99,599.60514465
2023-04-26 03:00:00,1869.14,1872.0,1862.29,1862.31,160.81294449
2023-04-26 04:00:00,1863.09,1868.45,1863.09,1865.08,150.17813096
2023-04-26 05:00:00,1865.2,1870.18,1865.2,1869.09,71.93183036
2023-04-26 06:00:00,1869.57,1876.47,1864.27,1866.65,421.73667012
2023-04-26 07:00:00,1866.63,1867.15,1858.42,1862.15,511.63315736
2023-04-26 08:00:00,1862.1,1879.82,1862.01,1877.33,1045.05468345
2023-04-26 09:00:00,1878.04,1898.9,1874.26,1897.18,1586.51939921
2023-04-26 10:00:00,1897.03,1919.6,1893.45,1915.96,2515.75428529
2023-04-26 11:00:00,1916.42,1919.88,1909.66,1914.33,1775.13447623
2023-04-26 12:00:00,1914.69,1964.14,1914.69,1961.25,4551.89418139
2023-04-26 13:00:00,1961.42,1963.46,1943.66,1954.11,3058.80019345
2023-04-26 14:00:00,1954.25,1955.0,1933.61,1946.22,3460.31366848
2023-04-26 15:00:00,1946.04,1953.67,1945.05,1953.64,2537.38499777
2023-04-26 16:00:00,1953.91,1957.0,1946.51,1953.82,2749.3747785
2023-04-26 17:00:00,1953.99,1958.0,1946.1,1947.69,2362.86642509
2023-04-26 18:00:00,1947.82,1950.37,1944.15,1945.62,1460.22096691
2023-04-26 19:00:00,1946.07,1946.68,1815.0,1830.12,12238.65847227
2023-04-26 20:00:00,1828.45,1868.0,1787.0,1866.72,8893.93459892
2023-04-26 21:00:00,1866.73,1882.95,1849.73,1879.57,3474.71626814
2023-04-26 22:00:00,1878.99,1881.56,1856.29,1866.16,2720.66464709
2023-04-26 23:00:00,1865.0,1873.87,1860.93,1866.14,727.93773869
2023-04-27 00:00:00,1866.15,1937.3,1861.86,1919.86,3329.78863891
2023-04-27 01:00:00,1919.91,1929.51,1888.75,1891.43,3225.85501996
2023-04-27 02:00:00,1891.38,1910.01,1891.38,1909.57,4242.30969809
2023-04-27 03:00:00,1909.04,1909.04,1895.25,1896.78,658.57712913
2023-04-27 04:00:00,1896.57,1912.81,1896.42,1911.7,430.95577277
2023-04-27 05:00:00,1911.45,1918.6,1907.72,1908.58,611.31651655
2023-04-27 06:00:00,1908.01,1908.01,1873.01,1882.98,1304.55434449
2023-04-27 07:00:00,1880.78,1889.61,1875.87,1885.75,204.81205084
2023-04-27 08:00:00,1885.63,1893.55,1876.71,1882.83,1243.01488438
2023-04-27 09:00:00,1882.48,1889.37,1880.0,1882.86,712.19088884
2023-04-27 10:00:00,1882.85,1887.56,1878.66,1884.0,356.7051978
2023-04-27 11:00:00,1884.95,1893.18,1876.05,1882.08,636.53062213
2023-04-27 12:00:00,1881.65,1888.19,1863.02,1876.37,1703.96209778
2023-04-27 13:00:00,1877.06,1888.73,1877.06,1884.17,3438.35272572
2023-04-27 14:00:00,1884.18,1899.15,1883.11,1885.15,1124.72004461
2023-04-27 15:00:00,1885.36,1915.82,1881.08,1900.01,2845.10262942
2023-04-27 16:00:00,1900.01,1904.25,1891.64,1899.88,853.76526229
2023-04-27 17:00:00,1900.43,1913.28,1897.54,1904.05,430.62481948
2023-04-27 18:00:00,1905.07,1940.15,1903.3,1927.19,3382.46592104
2023-04-27 19:00:00,1927.8,1930.65,1912.8,1922.49,1994.7170846
2023-04-27 20:00:00,1922.8,1930.63,1909.31,1919.58,4877.30964052
2023-04-27 21:00:00,1919.58,1925.0,1913.46,1916.2,2470.39356542
2023-04-27 22:00:00,1913.87,1916.2,1895.51,1904.92,655.99628121
2023-04-27 23:00:00,1904.92,1913.07,1904.08,1908.78,393.26940713
2023-04-28 00:00:00,1908.73,1913.85,1902.72,1913.37,1068.96485387
2023-04-28 01:00:00,1913.93,1914.78,1903.75,1910.64,684.10002808
2023-04-28 02:00:00,1910.01,1912.02,1905.0,1905.88,468.07926192
2023-04-28 03:00:00,1906.09,1906.53,1903.03,1905.79,145.68131176
2023-04-28 04:00:00,1905.79,1916.51,1905.79,1913.95,1048.45070126
2023-04-28 05:00:00,1914.05,1922.8,1911.42,1915.44,461.00203905
2023-04-28 06:00:00,1915.0,1917.33,1909.83,1915.0,341.22190221
2023-04-28 07:00:00,1915.0,1923.59,1915.0,1919.33,1516.70667352
2023-04-28 08:00:00,1919.74,1919.75,1901.96,1909.5,3005.64491734
2023-04-28 09:00:00,1909.95,1911.76,1902.18,1908.97,1417.36011032
2023-04-28 10:00:00,1907.39,1914.52,1906.48,1911.09,256.09142349
2023-04-28 11:00:00,1911.38,1913.27,1895.79,1902.64,576.89784903
2023-04-28 12:00:00,1902.25,1915.13,1897.96,1899.09,1152.22403122
2023-04-28 13:00:00,1898.98,1905.46,1881.38,1889.52,1407.62056568
2023-04-28 14:00:00,1888.79,1899.46,1883.72,1887.07,1255.65314748
2023-04-28 15:00:00,1887.07,1888.4,1875.11,1886.9,1167.47920012
2023-04-28 16:00:00,1886.91,1894.36,1883.79,1893.06,902.1286419
2023-04-28 17:00:00,1893.03,1894.09,1884.89,1891.53,941.97539305
2023-04-28 18:00:00,1891.54,1894.55,1884.97,1893.82,1139.63537065
2023-04-28 19:00:00,1894.42,1904.54,1891.47,1892.59,964.92740197
2023-04-28 20:00:00,1892.59,1898.03,1891.92,1895.84,129.81343344
2023-04-28 21:00:00,1896.91,1897.85,1894.01,1895.48,165.318873
2023-04-28 22:00:00,1895.49,1901.63,1894.76,1895.43,492.47797779
2023-04-28 23:00:00,1896.29,1897.41,1887.97,1892.7,249.39579761
2023-04-29 00:00:00,1892.7,1893.53,1888.0,1888.93,281.74091582
2023-04-29 01:00:00,1888.92,1893.49,1887.51,1892.57,67.74609014
2023-04-29 02:00:00,1892.7,1899.14,1892.35,1898.65,113.59768596
2023-04-29 03:00:00,1898.14,1899.46,1896.91,1898.32,31.20304991
2023-04-29 04:00:00,1898.31,1905.3,1897.41,1902.46,485.54753582
2023-04-29 05:00:00,1902.94,1905.3,1899.73,1900.56,119.5647881
2023-04-29 06:00:00,1902.35,1904.0,1898.21,1899.78,374.18628616
2023-04-29 07:00:00,1899.73,1906.86,1899.73,1903.92,809.45589586
2023-04-29 08:00:00,1903.68,1904.28,1899.39,1901.32,46.27091254
2023-04-29 09:00:00,1901.96,1902.99,1899.56,1902.96,69.21031981
2023-04-29 10:00:00,1901.81,1902.0,1894.88,1897.73,45.58041669
2023-04-29 11:00:00,1897.97,1899.0,1894.69,1899.0,34.88331546
2023-04-29 12:00:00,1899.0,1901.27,1897.0,1898.86,656.38613073
2023-04-29 13:00:00,1898.31,1916.94,1898.31,1914.48,791.25642508
2023-04-29 14:00:00,1914.08,1919.3,1910.85,1911.87,257.74406539
2023-04-29 15:00:00,1911.97,1913.31,1904.73,1906.8,173.36059079
2023-04-29 16:00:00,1906.79,1908.58,1904.75,1906.93,314.46166317
2023-04-29 17:00:00,1906.9,1907.18,1884.59,1895.18,645.57633047
2023-04-29 18:00:00,1894.9,1900.41,1894.31,1898.09,211.58233168
2023-04-29 19:00:00,1898.46,1908.15,1897.69,1904.34,125.48696636
2023-04-29 20:00:00,1904.26,1907.49,1903.31,1904.53,94.2963768
2023-04-29 21:00:00,1903.84,1906.46,1901.21,1904.5,568.22973759
2023-04-29 22:00:00,1904.68,1906.22,1902.63,1904.88,57.01161251
2023-04-29 23:00:00,1904.43,1909.47,1898.2,1908.26,327.34979044
2023-04-30 00:00:00,1908.39,1908.46,1898.46,1899.22,88.17885577
2023-04-30 01:00:00,1899.59,1901.42,1894.39,1894.88,125.41233819
2023-04-30 02:00:00,1894.87,1899.68,1894.37,1899.68,94.79643654
2023-04-30 03:00:00,1899.34,1899.64,1894.75,1896.86,72.04334352
2023-04-30 04:00:00,1894.4,1899.83,1893.73,1899.05,100.41815871
2023-04-30 05:00:00,1898.23,1904.82,1896.7,1904.82,110.5060692
2023-04-30 06:00:00,1904.68,1905.0,1902.65,1904.3,88.28150765
2023-04-30 07:00:00,1904.23,1904.4,1903.11,1903.55,14.46104122
2023-04-30 08:00:00,1903.86,1908.91,1903.11,1904.37,132.75424126
2023-04-30 09:00:00,1904.29,1905.16,1901.92,1904.3,46.68589098
2023-04-30 10:00:00,1905.53,1914.01,1901.61,1903.9,377.98293832
2023-04-30 11:00:00,1904.67,1907.72,1900.94,1900.94,127.81445247
2023-04-30 12:00:00,1901.54,1903.48,1900.0,1900.85,136.52755444
2023-04-30 13:00:00,1900.61,1908.84,1900.53,1906.03,124.54407106
2023-04-30 14:00:00,1906.24,1910.79,1902.71,1910.01,58.10223613
2023-04-30 15:00:00,1910.01,1939.0,1910.01,1921.01,3769.06281147
2023-04-30 16:00:00,1922.49,1935.19,1919.22,1926.84,2320.14708996
2023-04-30 17:00:00,1926.83,1931.68,1923.76,1924.32,2544.84863807
2023-04-30 18:00:00,1923.16,1926.0,1915.56,1919.78,1605.6488457
2023-04-30 19:00:00,1919.18,1920.38,1895.2,1905.96,3166.76862553
2023-04-30 20:00:00,1905.42,1905.42,1880.17,1892.94,1119.26643194
2023-04-30 21:00:00,1891.81,1897.98,1891.08,1894.96,314.29341931
2023-04-30 22:00:00,1894.78,1896.34,1891.07,1892.93,67.00719708
2023-04-30 23:00:00,1893.0,1893.68,1866.65,1869.58,1266.41402096
2023-05-01 00:00:00,1869.58,1883.92,1869.58,1882.75,1606.77403877
